<?xml version="1.0" encoding="ISO-8859-1"?>
<questestinterop xmlns="http://www.imsglobal.org/xsd/ims_qtiasiv1p2" xmlns:xsi="http://www.w3.org/2001/XMLSchema-instance" xsi:schemaLocation="http://www.imsglobal.org/xsd/ims_qtiasiv1p2 http://www.imsglobal.org/xsd/ims_qtiasiv1p2p1.xsd">
  <assessment ident="ifc3850dc2f9e42b0bc43d747fc1973c5" title="GPS_Quiz">
    <qtimetadata>
      <qtimetadatafield>
        <fieldlabel>cc_maxattempts</fieldlabel>
        <fieldentry>1</fieldentry>
      </qtimetadatafield>
    </qtimetadata>
    <section ident="root_section">
      <item ident="i06b15aaa2046df47294d7bf1cad9a0d2" title="Question 1">
        <itemmetadata>
          <qtimetadata>
            <qtimetadatafield>
              <fieldlabel>question_type</fieldlabel>
              <fieldentry>multiple_choice_question</fieldentry>
            </qtimetadatafield>
            <qtimetadatafield>
              <fieldlabel>points_possible</fieldlabel>
              <fieldentry>5</fieldentry>
            </qtimetadatafield>
            <qtimetadatafield>
              <fieldlabel>assessment_question_identifierref</fieldlabel>
              <fieldentry>ie0fd28645b472144f6fea1e22fd82ccf</fieldentry>
            </qtimetadatafield>
          </qtimetadata>
        </itemmetadata>
        <presentation>
          <material>
            <mattext texttype="text/html">What is the primary goal of the Genealogical Proof Standard?</mattext>
          </material>
          <response_lid ident="response1" rcardinality="Single">
            <render_choice>
              <response_label ident="1000">
                <material>
                  <mattext texttype="text/plain">To ensure genealogical findings are based solely on one definitive source, typically a government-issued certificate.</mattext>
                </material>
              </response_label>
              <response_label ident="1001">
                <material>
                  <mattext texttype="text/plain">To establish that genealogical conclusions are based on sound research, accurate sources, and logical reasoning.</mattext>
                </material>
              </response_label>
              <response_label ident="1002">
                <material>
                  <mattext texttype="text/plain">To promote visual consistency in family tree charts across genealogical communities for publication.</mattext>
                </material>
              </response_label>
              <response_label ident="1003">
                <material>
                  <mattext texttype="text/plain">To enforce that only certified professionals are permitted to publish genealogical conclusions in public forums.</mattext>
                </material>
              </response_label>
            </render_choice>
          </response_lid>
        </presentation>
        <resprocessing>
          <outcomes>
            <decvar maxvalue="100" minvalue="0" varname="SCORE" vartype="Decimal"/>
          </outcomes>
          <respcondition continue="No">
            <conditionvar>
              <varequal respident="response1">1001</varequal>
            </conditionvar>
            <setvar action="Set" varname="SCORE">100</setvar>
          </respcondition>
        </resprocessing>
      </item>
      <item ident="i21c58e47a1a80e754148cc396bc8794d" title="Question 2">
        <itemmetadata>
          <qtimetadata>
            <qtimetadatafield>
              <fieldlabel>question_type</fieldlabel>
              <fieldentry>multiple_choice_question</fieldentry>
            </qtimetadatafield>
            <qtimetadatafield>
              <fieldlabel>points_possible</fieldlabel>
              <fieldentry>5</fieldentry>
            </qtimetadatafield>
            <qtimetadatafield>
              <fieldlabel>assessment_question_identifierref</fieldlabel>
              <fieldentry>ibd47b416cb254beec42c7b23a64dde5a</fieldentry>
            </qtimetadatafield>
          </qtimetadata>
        </itemmetadata>
        <presentation>
          <material>
            <mattext texttype="text/html">Which of the following best represents reasonably exhaustive research?</mattext>
          </material>
          <response_lid ident="response1" rcardinality="Single">
            <render_choice>
              <response_label ident="2000">
                <material>
                  <mattext texttype="text/plain">Limiting the scope to records that are digitally indexed, assuming others are less relevant or inaccessible.</mattext>
                </material>
              </response_label>
              <response_label ident="2001">
                <material>
                  <mattext texttype="text/plain">Prioritizing modern DNA tools over traditional documents when drawing conclusions about relationships.</mattext>
                </material>
              </response_label>
              <response_label ident="2002">
                <material>
                  <mattext texttype="text/plain">Investigating multiple, diverse sources—including conflicting ones—until no new relevant evidence is expected.</mattext>
                </material>
              </response_label>
              <response_label ident="2003">
                <material>
                  <mattext texttype="text/plain">Confirming a match through online trees without checking whether they contain original sources.</mattext>
                </material>
              </response_label>
            </render_choice>
          </response_lid>
        </presentation>
        <resprocessing>
          <outcomes>
            <decvar maxvalue="100" minvalue="0" varname="SCORE" vartype="Decimal"/>
          </outcomes>
          <respcondition continue="No">
            <conditionvar>
              <varequal respident="response1">2002</varequal>
            </conditionvar>
            <setvar action="Set" varname="SCORE">100</setvar>
          </respcondition>
        </resprocessing>
      </item>
      <item ident="i7d5e14c0976b4550749eb73f126c6a21" title="Question 3">
        <itemmetadata>
          <qtimetadata>
            <qtimetadatafield>
              <fieldlabel>question_type</fieldlabel>
              <fieldentry>multiple_choice_question</fieldentry>
            </qtimetadatafield>
            <qtimetadatafield>
              <fieldlabel>points_possible</fieldlabel>
              <fieldentry>5</fieldentry>
            </qtimetadatafield>
            <qtimetadatafield>
              <fieldlabel>assessment_question_identifierref</fieldlabel>
              <fieldentry>i5ba7af2958a400ac1f0a63b7a4847a51</fieldentry>
            </qtimetadatafield>
          </qtimetadata>
        </itemmetadata>
        <presentation>
          <material>
            <mattext texttype="text/html">Why is citation a necessary element in genealogical research?</mattext>
          </material>
          <response_lid ident="response1" rcardinality="Single">
            <render_choice>
              <response_label ident="3000">
                <material>
                  <mattext texttype="text/plain">Because citations are optional for informal research shared only with family members.</mattext>
                </material>
              </response_label>
              <response_label ident="3001">
                <material>
                  <mattext texttype="text/plain">Because it enables others to verify, evaluate, and replicate the research conclusions drawn.</mattext>
                </material>
              </response_label>
              <response_label ident="3002">
                <material>
                  <mattext texttype="text/plain">Because the citation style demonstrates academic pedigree, even if sources are not accessible.</mattext>
                </material>
              </response_label>
              <response_label ident="3003">
                <material>
                  <mattext texttype="text/plain">Because only citations from peer-reviewed journals are necessary to support conclusions.</mattext>
                </material>
              </response_label>
            </render_choice>
          </response_lid>
        </presentation>
        <resprocessing>
          <outcomes>
            <decvar maxvalue="100" minvalue="0" varname="SCORE" vartype="Decimal"/>
          </outcomes>
          <respcondition continue="No">
            <conditionvar>
              <varequal respident="response1">3001</varequal>
            </conditionvar>
            <setvar action="Set" varname="SCORE">100</setvar>
          </respcondition>
        </resprocessing>
      </item>
      <item ident="i98f621314759192aa9ca415f7654c318" title="Question 4">
        <itemmetadata>
          <qtimetadata>
            <qtimetadatafield>
              <fieldlabel>question_type</fieldlabel>
              <fieldentry>multiple_choice_question</fieldentry>
            </qtimetadatafield>
            <qtimetadatafield>
              <fieldlabel>points_possible</fieldlabel>
              <fieldentry>5</fieldentry>
            </qtimetadatafield>
            <qtimetadatafield>
              <fieldlabel>assessment_question_identifierref</fieldlabel>
              <fieldentry>ia031518ddca4e660b17ca43ff815fa02</fieldentry>
            </qtimetadatafield>
          </qtimetadata>
        </itemmetadata>
        <presentation>
          <material>
            <mattext texttype="text/html">What does it mean to correlate sources and evidence in genealogy?</mattext>
          </material>
          <response_lid ident="response1" rcardinality="Single">
            <render_choice>
              <response_label ident="4000">
                <material>
                  <mattext texttype="text/plain">To sort all records in a chronological list before beginning analysis or drawing conclusions.</mattext>
                </material>
              </response_label>
              <response_label ident="4001">
                <material>
                  <mattext texttype="text/plain">To tag sources with numerical ratings to assess their perceived reliability in a visual grid.</mattext>
                </material>
              </response_label>
              <response_label ident="4002">
                <material>
                  <mattext texttype="text/plain">To prioritize official government documents over private records when weighing evidence.</mattext>
                </material>
              </response_label>
              <response_label ident="4003">
                <material>
                  <mattext texttype="text/plain">To compare and synthesize information across multiple sources to identify patterns, gaps, and inconsistencies.</mattext>
                </material>
              </response_label>
            </render_choice>
          </response_lid>
        </presentation>
        <resprocessing>
          <outcomes>
            <decvar maxvalue="100" minvalue="0" varname="SCORE" vartype="Decimal"/>
          </outcomes>
          <respcondition continue="No">
            <conditionvar>
              <varequal respident="response1">4003</varequal>
            </conditionvar>
            <setvar action="Set" varname="SCORE">100</setvar>
          </respcondition>
        </resprocessing>
      </item>
      <item ident="i84bc0b936d3cda15360f8d9d9d72b08f" title="Question 5">
        <itemmetadata>
          <qtimetadata>
            <qtimetadatafield>
              <fieldlabel>question_type</fieldlabel>
              <fieldentry>multiple_choice_question</fieldentry>
            </qtimetadatafield>
            <qtimetadatafield>
              <fieldlabel>points_possible</fieldlabel>
              <fieldentry>5</fieldentry>
            </qtimetadatafield>
            <qtimetadatafield>
              <fieldlabel>assessment_question_identifierref</fieldlabel>
              <fieldentry>i23c19f70f2568c3bf133f6a39d21187b</fieldentry>
            </qtimetadatafield>
          </qtimetadata>
        </itemmetadata>
        <presentation>
          <material>
            <mattext texttype="text/html">What is the correct response when genealogical evidence from two reliable sources contradicts?</mattext>
          </material>
          <response_lid ident="response1" rcardinality="Single">
            <render_choice>
              <response_label ident="5000">
                <material>
                  <mattext texttype="text/plain">Analyze the conflict and attempt to resolve it using context, reliability, and corroboration from other sources.</mattext>
                </material>
              </response_label>
              <response_label ident="5001">
                <material>
                  <mattext texttype="text/plain">Favor the most frequently cited version of the event in online trees, even if no original source is present.</mattext>
                </material>
              </response_label>
              <response_label ident="5002">
                <material>
                  <mattext texttype="text/plain">Assume the version that aligns most closely with family oral tradition is inherently more trustworthy.</mattext>
                </material>
              </response_label>
              <response_label ident="5003">
                <material>
                  <mattext texttype="text/plain">Present both sources as equally valid without further inquiry into reliability or context.</mattext>
                </material>
              </response_label>
            </render_choice>
          </response_lid>
        </presentation>
        <resprocessing>
          <outcomes>
            <decvar maxvalue="100" minvalue="0" varname="SCORE" vartype="Decimal"/>
          </outcomes>
          <respcondition continue="No">
            <conditionvar>
              <varequal respident="response1">5000</varequal>
            </conditionvar>
            <setvar action="Set" varname="SCORE">100</setvar>
          </respcondition>
        </resprocessing>
      </item>
      <item ident="i4f44269b63a95e9d89d8853e6378c509" title="Question 6">
        <itemmetadata>
          <qtimetadata>
            <qtimetadatafield>
              <fieldlabel>question_type</fieldlabel>
              <fieldentry>multiple_choice_question</fieldentry>
            </qtimetadatafield>
            <qtimetadatafield>
              <fieldlabel>points_possible</fieldlabel>
              <fieldentry>5</fieldentry>
            </qtimetadatafield>
            <qtimetadatafield>
              <fieldlabel>assessment_question_identifierref</fieldlabel>
              <fieldentry>if19ed0ed0bef98a3301c11f85c395e9b</fieldentry>
            </qtimetadatafield>
          </qtimetadata>
        </itemmetadata>
        <presentation>
          <material>
            <mattext texttype="text/html">What defines a ‘reasonably exhaustive search’?</mattext>
          </material>
          <response_lid ident="response1" rcardinality="Single">
            <render_choice>
              <response_label ident="6000">
                <material>
                  <mattext texttype="text/plain">Consulting records for a limited time period around a known date and ceasing further exploration.</mattext>
                </material>
              </response_label>
              <response_label ident="6001">
                <material>
                  <mattext texttype="text/plain">Confirming that a single online tree with complete lineage exists, then using that information directly.</mattext>
                </material>
              </response_label>
              <response_label ident="6002">
                <material>
                  <mattext texttype="text/plain">Considering all relevant records likely to shed light on the question, including negative and conflicting evidence.</mattext>
                </material>
              </response_label>
              <response_label ident="6003">
                <material>
                  <mattext texttype="text/plain">Identifying at least one official government-issued certificate that supports a genealogical claim.</mattext>
                </material>
              </response_label>
            </render_choice>
          </response_lid>
        </presentation>
        <resprocessing>
          <outcomes>
            <decvar maxvalue="100" minvalue="0" varname="SCORE" vartype="Decimal"/>
          </outcomes>
          <respcondition continue="No">
            <conditionvar>
              <varequal respident="response1">6002</varequal>
            </conditionvar>
            <setvar action="Set" varname="SCORE">100</setvar>
          </respcondition>
        </resprocessing>
      </item>
      <item ident="idec2562a9b18c339a6405aa30e3bb020" title="Question 7">
        <itemmetadata>
          <qtimetadata>
            <qtimetadatafield>
              <fieldlabel>question_type</fieldlabel>
              <fieldentry>multiple_choice_question</fieldentry>
            </qtimetadatafield>
            <qtimetadatafield>
              <fieldlabel>points_possible</fieldlabel>
              <fieldentry>5</fieldentry>
            </qtimetadatafield>
            <qtimetadatafield>
              <fieldlabel>assessment_question_identifierref</fieldlabel>
              <fieldentry>i1c97a380e5fad4d038d36e2419e67878</fieldentry>
            </qtimetadatafield>
          </qtimetadata>
        </itemmetadata>
        <presentation>
          <material>
            <mattext texttype="text/html">Why should genealogists include negative evidence in their analysis?</mattext>
          </material>
          <response_lid ident="response1" rcardinality="Single">
            <render_choice>
              <response_label ident="7000">
                <material>
                  <mattext texttype="text/plain">Because the absence of expected information in a source can provide valuable insight or raise critical questions.</mattext>
                </material>
              </response_label>
              <response_label ident="7001">
                <material>
                  <mattext texttype="text/plain">Because citations are strengthened by mentioning every source that was viewed, regardless of content.</mattext>
                </material>
              </response_label>
              <response_label ident="7002">
                <material>
                  <mattext texttype="text/plain">Because it helps maintain a standardized length for research summaries and client reports.</mattext>
                </material>
              </response_label>
              <response_label ident="7003">
                <material>
                  <mattext texttype="text/plain">Because omitting evidence that yields no result can suggest bias or selective reporting of sources.</mattext>
                </material>
              </response_label>
            </render_choice>
          </response_lid>
        </presentation>
        <resprocessing>
          <outcomes>
            <decvar maxvalue="100" minvalue="0" varname="SCORE" vartype="Decimal"/>
          </outcomes>
          <respcondition continue="No">
            <conditionvar>
              <varequal respident="response1">7000</varequal>
            </conditionvar>
            <setvar action="Set" varname="SCORE">100</setvar>
          </respcondition>
        </resprocessing>
      </item>
      <item ident="ica6dd09270b9063efa982ce0c0a3410a" title="Question 8">
        <itemmetadata>
          <qtimetadata>
            <qtimetadatafield>
              <fieldlabel>question_type</fieldlabel>
              <fieldentry>multiple_choice_question</fieldentry>
            </qtimetadatafield>
            <qtimetadatafield>
              <fieldlabel>points_possible</fieldlabel>
              <fieldentry>5</fieldentry>
            </qtimetadatafield>
            <qtimetadatafield>
              <fieldlabel>assessment_question_identifierref</fieldlabel>
              <fieldentry>i08b16524df9d0a5838b433ddbf0bd449</fieldentry>
            </qtimetadatafield>
          </qtimetadata>
        </itemmetadata>
        <presentation>
          <material>
            <mattext texttype="text/html">What makes a genealogical conclusion ‘soundly reasoned’?</mattext>
          </material>
          <response_lid ident="response1" rcardinality="Single">
            <render_choice>
              <response_label ident="8000">
                <material>
                  <mattext texttype="text/plain">It follows a linear timeline and includes one strong, original source to validate the claim.</mattext>
                </material>
              </response_label>
              <response_label ident="8001">
                <material>
                  <mattext texttype="text/plain">It is logically constructed, supported by multiple forms of evidence, and addresses ambiguities or conflicts.</mattext>
                </material>
              </response_label>
              <response_label ident="8002">
                <material>
                  <mattext texttype="text/plain">It reflects the oldest known story passed down through generations without deviation.</mattext>
                </material>
              </response_label>
              <response_label ident="8003">
                <material>
                  <mattext texttype="text/plain">It is confirmed by at least one other researcher, regardless of the documentation they used.</mattext>
                </material>
              </response_label>
            </render_choice>
          </response_lid>
        </presentation>
        <resprocessing>
          <outcomes>
            <decvar maxvalue="100" minvalue="0" varname="SCORE" vartype="Decimal"/>
          </outcomes>
          <respcondition continue="No">
            <conditionvar>
              <varequal respident="response1">8001</varequal>
            </conditionvar>
            <setvar action="Set" varname="SCORE">100</setvar>
          </respcondition>
        </resprocessing>
      </item>
      <item ident="i2d94f3a84d2867d1d672550e01badc4b" title="Question 9">
        <itemmetadata>
          <qtimetadata>
            <qtimetadatafield>
              <fieldlabel>question_type</fieldlabel>
              <fieldentry>multiple_choice_question</fieldentry>
            </qtimetadatafield>
            <qtimetadatafield>
              <fieldlabel>points_possible</fieldlabel>
              <fieldentry>5</fieldentry>
            </qtimetadatafield>
            <qtimetadatafield>
              <fieldlabel>assessment_question_identifierref</fieldlabel>
              <fieldentry>ic8052979bfd0ea14b24bf9a49e053432</fieldentry>
            </qtimetadatafield>
          </qtimetadata>
        </itemmetadata>
        <presentation>
          <material>
            <mattext texttype="text/html">What role does context play in source analysis?</mattext>
          </material>
          <response_lid ident="response1" rcardinality="Single">
            <render_choice>
              <response_label ident="9000">
                <material>
                  <mattext texttype="text/plain">It allows the researcher to identify whether the handwriting and format match modern standards.</mattext>
                </material>
              </response_label>
              <response_label ident="9001">
                <material>
                  <mattext texttype="text/plain">It helps researchers determine whether the original or a transcript version of a record is preferable.</mattext>
                </material>
              </response_label>
              <response_label ident="9002">
                <material>
                  <mattext texttype="text/plain">It reveals whether the source was created near the time of the event and under what circumstances it was recorded.</mattext>
                </material>
              </response_label>
              <response_label ident="9003">
                <material>
                  <mattext texttype="text/plain">It determines the number of generations between the informant and the subject of the record.</mattext>
                </material>
              </response_label>
            </render_choice>
          </response_lid>
        </presentation>
        <resprocessing>
          <outcomes>
            <decvar maxvalue="100" minvalue="0" varname="SCORE" vartype="Decimal"/>
          </outcomes>
          <respcondition continue="No">
            <conditionvar>
              <varequal respident="response1">9002</varequal>
            </conditionvar>
            <setvar action="Set" varname="SCORE">100</setvar>
          </respcondition>
        </resprocessing>
      </item>
      <item ident="i4beaa8ab7224671951c8e4bdf6808e3e" title="Question 10">
        <itemmetadata>
          <qtimetadata>
            <qtimetadatafield>
              <fieldlabel>question_type</fieldlabel>
              <fieldentry>multiple_choice_question</fieldentry>
            </qtimetadatafield>
            <qtimetadatafield>
              <fieldlabel>points_possible</fieldlabel>
              <fieldentry>5</fieldentry>
            </qtimetadatafield>
            <qtimetadatafield>
              <fieldlabel>assessment_question_identifierref</fieldlabel>
              <fieldentry>i14e83815b656446cafebe59e8295bda9</fieldentry>
            </qtimetadatafield>
          </qtimetadata>
        </itemmetadata>
        <presentation>
          <material>
            <mattext texttype="text/html">Which best exemplifies accurate source citation?</mattext>
          </material>
          <response_lid ident="response1" rcardinality="Single">
            <render_choice>
              <response_label ident="10000">
                <material>
                  <mattext texttype="text/plain">Including just the name of the individual, the record title, and the year of the event.</mattext>
                </material>
              </response_label>
              <response_label ident="10001">
                <material>
                  <mattext texttype="text/plain">Providing complete details: type of record, where it was found, when it was accessed, and any digital locator.</mattext>
                </material>
              </response_label>
              <response_label ident="10002">
                <material>
                  <mattext texttype="text/plain">Describing the general source repository instead of specifying individual record collections.</mattext>
                </material>
              </response_label>
              <response_label ident="10003">
                <material>
                  <mattext texttype="text/plain">Limiting citations to only those sources that were used in drawing final conclusions, not exploratory steps.</mattext>
                </material>
              </response_label>
            </render_choice>
          </response_lid>
        </presentation>
        <resprocessing>
          <outcomes>
            <decvar maxvalue="100" minvalue="0" varname="SCORE" vartype="Decimal"/>
          </outcomes>
          <respcondition continue="No">
            <conditionvar>
              <varequal respident="response1">10001</varequal>
            </conditionvar>
            <setvar action="Set" varname="SCORE">100</setvar>
          </respcondition>
        </resprocessing>
      </item>
      <item ident="idd88344e72a6cb3e90e7e896e977e7b0" title="Question 11">
        <itemmetadata>
          <qtimetadata>
            <qtimetadatafield>
              <fieldlabel>question_type</fieldlabel>
              <fieldentry>multiple_choice_question</fieldentry>
            </qtimetadatafield>
            <qtimetadatafield>
              <fieldlabel>points_possible</fieldlabel>
              <fieldentry>5</fieldentry>
            </qtimetadatafield>
            <qtimetadatafield>
              <fieldlabel>assessment_question_identifierref</fieldlabel>
              <fieldentry>i5096eed1345c3c67311f722172313732</fieldentry>
            </qtimetadatafield>
          </qtimetadata>
        </itemmetadata>
        <presentation>
          <material>
            <mattext texttype="text/html">How does the Genealogical Proof Standard treat conflicting evidence?</mattext>
          </material>
          <response_lid ident="response1" rcardinality="Single">
            <render_choice>
              <response_label ident="11000">
                <material>
                  <mattext texttype="text/plain">It must be avoided at all costs because conflict undermines credibility.</mattext>
                </material>
              </response_label>
              <response_label ident="11001">
                <material>
                  <mattext texttype="text/plain">It should be acknowledged briefly but does not need to be resolved in a conclusion.</mattext>
                </material>
              </response_label>
              <response_label ident="11002">
                <material>
                  <mattext texttype="text/plain">It must be addressed, weighed in context, and resolved through careful comparison and additional research.</mattext>
                </material>
              </response_label>
              <response_label ident="11003">
                <material>
                  <mattext texttype="text/plain">It can be ignored if the conflict exists only in derivative sources or indexes.</mattext>
                </material>
              </response_label>
            </render_choice>
          </response_lid>
        </presentation>
        <resprocessing>
          <outcomes>
            <decvar maxvalue="100" minvalue="0" varname="SCORE" vartype="Decimal"/>
          </outcomes>
          <respcondition continue="No">
            <conditionvar>
              <varequal respident="response1">11002</varequal>
            </conditionvar>
            <setvar action="Set" varname="SCORE">100</setvar>
          </respcondition>
        </resprocessing>
      </item>
      <item ident="i2a7a57c7170bd846271fff56371cefd7" title="Question 12">
        <itemmetadata>
          <qtimetadata>
            <qtimetadatafield>
              <fieldlabel>question_type</fieldlabel>
              <fieldentry>multiple_choice_question</fieldentry>
            </qtimetadatafield>
            <qtimetadatafield>
              <fieldlabel>points_possible</fieldlabel>
              <fieldentry>5</fieldentry>
            </qtimetadatafield>
            <qtimetadatafield>
              <fieldlabel>assessment_question_identifierref</fieldlabel>
              <fieldentry>i193754d0a6caa37ea2029d3ab2726b9c</fieldentry>
            </qtimetadatafield>
          </qtimetadata>
        </itemmetadata>
        <presentation>
          <material>
            <mattext texttype="text/html">What is the difference between a source and information?</mattext>
          </material>
          <response_lid ident="response1" rcardinality="Single">
            <render_choice>
              <response_label ident="12000">
                <material>
                  <mattext texttype="text/plain">A source and its information are synonymous and interchangeable in most genealogical applications.</mattext>
                </material>
              </response_label>
              <response_label ident="12001">
                <material>
                  <mattext texttype="text/plain">A source is the physical or digital container of evidence; information is the content derived from it.</mattext>
                </material>
              </response_label>
              <response_label ident="12002">
                <material>
                  <mattext texttype="text/plain">A source provides evidence only if cited by a professional genealogist; otherwise, it is not valid.</mattext>
                </material>
              </response_label>
              <response_label ident="12003">
                <material>
                  <mattext texttype="text/plain">Information is reliable only if it is extracted from DNA, not written documentation.</mattext>
                </material>
              </response_label>
            </render_choice>
          </response_lid>
        </presentation>
        <resprocessing>
          <outcomes>
            <decvar maxvalue="100" minvalue="0" varname="SCORE" vartype="Decimal"/>
          </outcomes>
          <respcondition continue="No">
            <conditionvar>
              <varequal respident="response1">12001</varequal>
            </conditionvar>
            <setvar action="Set" varname="SCORE">100</setvar>
          </respcondition>
        </resprocessing>
      </item>
      <item ident="i4298187e2e32ff8da833c895e8088545" title="Question 13">
        <itemmetadata>
          <qtimetadata>
            <qtimetadatafield>
              <fieldlabel>question_type</fieldlabel>
              <fieldentry>multiple_choice_question</fieldentry>
            </qtimetadatafield>
            <qtimetadatafield>
              <fieldlabel>points_possible</fieldlabel>
              <fieldentry>5</fieldentry>
            </qtimetadatafield>
            <qtimetadatafield>
              <fieldlabel>assessment_question_identifierref</fieldlabel>
              <fieldentry>ib1a31614185a54cdd6176547a127517b</fieldentry>
            </qtimetadatafield>
          </qtimetadata>
        </itemmetadata>
        <presentation>
          <material>
            <mattext texttype="text/html">What is direct evidence?</mattext>
          </material>
          <response_lid ident="response1" rcardinality="Single">
            <render_choice>
              <response_label ident="13000">
                <material>
                  <mattext texttype="text/plain">Evidence that directly answers a genealogical research question without requiring inference.</mattext>
                </material>
              </response_label>
              <response_label ident="13001">
                <material>
                  <mattext texttype="text/plain">Evidence found in two independent sources that appear to match on name and location.</mattext>
                </material>
              </response_label>
              <response_label ident="13002">
                <material>
                  <mattext texttype="text/plain">A written record created at the time of the event, regardless of content relevance.</mattext>
                </material>
              </response_label>
              <response_label ident="13003">
                <material>
                  <mattext texttype="text/plain">Any information that originates in a handwritten document or original register.</mattext>
                </material>
              </response_label>
            </render_choice>
          </response_lid>
        </presentation>
        <resprocessing>
          <outcomes>
            <decvar maxvalue="100" minvalue="0" varname="SCORE" vartype="Decimal"/>
          </outcomes>
          <respcondition continue="No">
            <conditionvar>
              <varequal respident="response1">13000</varequal>
            </conditionvar>
            <setvar action="Set" varname="SCORE">100</setvar>
          </respcondition>
        </resprocessing>
      </item>
      <item ident="ifa155c37647f12466e208136f7ad4c13" title="Question 14">
        <itemmetadata>
          <qtimetadata>
            <qtimetadatafield>
              <fieldlabel>question_type</fieldlabel>
              <fieldentry>multiple_choice_question</fieldentry>
            </qtimetadatafield>
            <qtimetadatafield>
              <fieldlabel>points_possible</fieldlabel>
              <fieldentry>5</fieldentry>
            </qtimetadatafield>
            <qtimetadatafield>
              <fieldlabel>assessment_question_identifierref</fieldlabel>
              <fieldentry>id1dc73960793659d2689e380d1aba941</fieldentry>
            </qtimetadatafield>
          </qtimetadata>
        </itemmetadata>
        <presentation>
          <material>
            <mattext texttype="text/html">What is indirect evidence in genealogical research?</mattext>
          </material>
          <response_lid ident="response1" rcardinality="Single">
            <render_choice>
              <response_label ident="14000">
                <material>
                  <mattext texttype="text/plain">A source that has incomplete fields or faded ink, making it difficult to read.</mattext>
                </material>
              </response_label>
              <response_label ident="14001">
                <material>
                  <mattext texttype="text/plain">Information found in online trees that has not yet been confirmed by primary documents.</mattext>
                </material>
              </response_label>
              <response_label ident="14002">
                <material>
                  <mattext texttype="text/plain">A newspaper obituary with a list of survivors but no explicit relationship statement.</mattext>
                </material>
              </response_label>
              <response_label ident="14003">
                <material>
                  <mattext texttype="text/plain">Evidence that must be pieced together from multiple sources to answer a specific research question.</mattext>
                </material>
              </response_label>
            </render_choice>
          </response_lid>
        </presentation>
        <resprocessing>
          <outcomes>
            <decvar maxvalue="100" minvalue="0" varname="SCORE" vartype="Decimal"/>
          </outcomes>
          <respcondition continue="No">
            <conditionvar>
              <varequal respident="response1">14003</varequal>
            </conditionvar>
            <setvar action="Set" varname="SCORE">100</setvar>
          </respcondition>
        </resprocessing>
      </item>
      <item ident="i70d1b75401b9fc2bdb89e8d531c4c6bd" title="Question 15">
        <itemmetadata>
          <qtimetadata>
            <qtimetadatafield>
              <fieldlabel>question_type</fieldlabel>
              <fieldentry>multiple_choice_question</fieldentry>
            </qtimetadatafield>
            <qtimetadatafield>
              <fieldlabel>points_possible</fieldlabel>
              <fieldentry>5</fieldentry>
            </qtimetadatafield>
            <qtimetadatafield>
              <fieldlabel>assessment_question_identifierref</fieldlabel>
              <fieldentry>ibe61de514a2538324e7f1d9154ce4fa8</fieldentry>
            </qtimetadatafield>
          </qtimetadata>
        </itemmetadata>
        <presentation>
          <material>
            <mattext texttype="text/html">Which of the following is most important when citing a digital source?</mattext>
          </material>
          <response_lid ident="response1" rcardinality="Single">
            <render_choice>
              <response_label ident="15000">
                <material>
                  <mattext texttype="text/plain">Listing the web address where the source was originally scanned or uploaded.</mattext>
                </material>
              </response_label>
              <response_label ident="15001">
                <material>
                  <mattext texttype="text/plain">Noting whether the source was obtained via free access or subscription.</mattext>
                </material>
              </response_label>
              <response_label ident="15002">
                <material>
                  <mattext texttype="text/plain">Including the original source details, the hosting website, and the date of access.</mattext>
                </material>
              </response_label>
              <response_label ident="15003">
                <material>
                  <mattext texttype="text/plain">Highlighting the filename of the downloaded document for later retrieval.</mattext>
                </material>
              </response_label>
            </render_choice>
          </response_lid>
        </presentation>
        <resprocessing>
          <outcomes>
            <decvar maxvalue="100" minvalue="0" varname="SCORE" vartype="Decimal"/>
          </outcomes>
          <respcondition continue="No">
            <conditionvar>
              <varequal respident="response1">15002</varequal>
            </conditionvar>
            <setvar action="Set" varname="SCORE">100</setvar>
          </respcondition>
        </resprocessing>
      </item>
      <item ident="i607450127e8d3ad10082f237289f5b36" title="Question 16">
        <itemmetadata>
          <qtimetadata>
            <qtimetadatafield>
              <fieldlabel>question_type</fieldlabel>
              <fieldentry>multiple_choice_question</fieldentry>
            </qtimetadatafield>
            <qtimetadatafield>
              <fieldlabel>points_possible</fieldlabel>
              <fieldentry>5</fieldentry>
            </qtimetadatafield>
            <qtimetadatafield>
              <fieldlabel>assessment_question_identifierref</fieldlabel>
              <fieldentry>i5901e80bd5167800290c31ea75a71878</fieldentry>
            </qtimetadatafield>
          </qtimetadata>
        </itemmetadata>
        <presentation>
          <material>
            <mattext texttype="text/html">What is one risk of relying solely on compiled genealogies without verifying the sources?</mattext>
          </material>
          <response_lid ident="response1" rcardinality="Single">
            <render_choice>
              <response_label ident="16000">
                <material>
                  <mattext texttype="text/plain">They may contain perpetuated errors that mislead future research efforts.</mattext>
                </material>
              </response_label>
              <response_label ident="16001">
                <material>
                  <mattext texttype="text/plain">They are often too short to provide meaningful context for the individuals listed.</mattext>
                </material>
              </response_label>
              <response_label ident="16002">
                <material>
                  <mattext texttype="text/plain">They are usually based on oral traditions and therefore are inherently more reliable.</mattext>
                </material>
              </response_label>
              <response_label ident="16003">
                <material>
                  <mattext texttype="text/plain">They include fewer citations because they rely on shared community knowledge.</mattext>
                </material>
              </response_label>
            </render_choice>
          </response_lid>
        </presentation>
        <resprocessing>
          <outcomes>
            <decvar maxvalue="100" minvalue="0" varname="SCORE" vartype="Decimal"/>
          </outcomes>
          <respcondition continue="No">
            <conditionvar>
              <varequal respident="response1">16000</varequal>
            </conditionvar>
            <setvar action="Set" varname="SCORE">100</setvar>
          </respcondition>
        </resprocessing>
      </item>
      <item ident="icf9ee86cc0ef7c3a2a19d916af98d300" title="Question 17">
        <itemmetadata>
          <qtimetadata>
            <qtimetadatafield>
              <fieldlabel>question_type</fieldlabel>
              <fieldentry>multiple_choice_question</fieldentry>
            </qtimetadatafield>
            <qtimetadatafield>
              <fieldlabel>points_possible</fieldlabel>
              <fieldentry>5</fieldentry>
            </qtimetadatafield>
            <qtimetadatafield>
              <fieldlabel>assessment_question_identifierref</fieldlabel>
              <fieldentry>ib5bac1f0a345bd8dc3084deb3fefe54b</fieldentry>
            </qtimetadatafield>
          </qtimetadata>
        </itemmetadata>
        <presentation>
          <material>
            <mattext texttype="text/html">How does a research report demonstrate application of the GPS?</mattext>
          </material>
          <response_lid ident="response1" rcardinality="Single">
            <render_choice>
              <response_label ident="17000">
                <material>
                  <mattext texttype="text/plain">By summarizing the family’s known oral history and placing it in a formal document.</mattext>
                </material>
              </response_label>
              <response_label ident="17001">
                <material>
                  <mattext texttype="text/plain">By outlining the research process, evaluating evidence, and presenting conclusions with supporting citations.</mattext>
                </material>
              </response_label>
              <response_label ident="17002">
                <material>
                  <mattext texttype="text/plain">By presenting DNA results alongside a family tree diagram with limited analysis.</mattext>
                </material>
              </response_label>
              <response_label ident="17003">
                <material>
                  <mattext texttype="text/plain">By limiting discussion to proven facts without considering conflicting or indirect evidence.</mattext>
                </material>
              </response_label>
            </render_choice>
          </response_lid>
        </presentation>
        <resprocessing>
          <outcomes>
            <decvar maxvalue="100" minvalue="0" varname="SCORE" vartype="Decimal"/>
          </outcomes>
          <respcondition continue="No">
            <conditionvar>
              <varequal respident="response1">17001</varequal>
            </conditionvar>
            <setvar action="Set" varname="SCORE">100</setvar>
          </respcondition>
        </resprocessing>
      </item>
      <item ident="i69be13aa9854cad2906887c2ad40a0e5" title="Question 18">
        <itemmetadata>
          <qtimetadata>
            <qtimetadatafield>
              <fieldlabel>question_type</fieldlabel>
              <fieldentry>multiple_choice_question</fieldentry>
            </qtimetadatafield>
            <qtimetadatafield>
              <fieldlabel>points_possible</fieldlabel>
              <fieldentry>5</fieldentry>
            </qtimetadatafield>
            <qtimetadatafield>
              <fieldlabel>assessment_question_identifierref</fieldlabel>
              <fieldentry>iaccbb0a30121ebe9217c0d8f362ceecf</fieldentry>
            </qtimetadatafield>
          </qtimetadata>
        </itemmetadata>
        <presentation>
          <material>
            <mattext texttype="text/html">What does ‘reasonably exhaustive’ not require?</mattext>
          </material>
          <response_lid ident="response1" rcardinality="Single">
            <render_choice>
              <response_label ident="18000">
                <material>
                  <mattext texttype="text/plain">A broad review of relevant original, derivative, and compiled sources.</mattext>
                </material>
              </response_label>
              <response_label ident="18001">
                <material>
                  <mattext texttype="text/plain">Attention to the context and availability of records for a given time and location.</mattext>
                </material>
              </response_label>
              <response_label ident="18002">
                <material>
                  <mattext texttype="text/plain">Searching every existing record in all repositories regardless of relevance or feasibility.</mattext>
                </material>
              </response_label>
              <response_label ident="18003">
                <material>
                  <mattext texttype="text/plain">Consideration of sources that include both positive and negative results.</mattext>
                </material>
              </response_label>
            </render_choice>
          </response_lid>
        </presentation>
        <resprocessing>
          <outcomes>
            <decvar maxvalue="100" minvalue="0" varname="SCORE" vartype="Decimal"/>
          </outcomes>
          <respcondition continue="No">
            <conditionvar>
              <varequal respident="response1">18002</varequal>
            </conditionvar>
            <setvar action="Set" varname="SCORE">100</setvar>
          </respcondition>
        </resprocessing>
      </item>
      <item ident="i15404566c1a5a67d7b0ba752a9bd23f7" title="Question 19">
        <itemmetadata>
          <qtimetadata>
            <qtimetadatafield>
              <fieldlabel>question_type</fieldlabel>
              <fieldentry>multiple_choice_question</fieldentry>
            </qtimetadatafield>
            <qtimetadatafield>
              <fieldlabel>points_possible</fieldlabel>
              <fieldentry>5</fieldentry>
            </qtimetadatafield>
            <qtimetadatafield>
              <fieldlabel>assessment_question_identifierref</fieldlabel>
              <fieldentry>i1059b63eb6fd89d5f445d36f6a9b3675</fieldentry>
            </qtimetadatafield>
          </qtimetadata>
        </itemmetadata>
        <presentation>
          <material>
            <mattext texttype="text/html">Why is DNA evidence not always sufficient to meet the GPS?</mattext>
          </material>
          <response_lid ident="response1" rcardinality="Single">
            <render_choice>
              <response_label ident="19000">
                <material>
                  <mattext texttype="text/plain">Because DNA offers definitive proof of ancestry and should be accepted without question.</mattext>
                </material>
              </response_label>
              <response_label ident="19001">
                <material>
                  <mattext texttype="text/plain">Because DNA requires documentary correlation and can be ambiguous without context.</mattext>
                </material>
              </response_label>
              <response_label ident="19002">
                <material>
                  <mattext texttype="text/plain">Because only autosomal DNA is accepted under GPS guidelines.</mattext>
                </material>
              </response_label>
              <response_label ident="19003">
                <material>
                  <mattext texttype="text/plain">Because DNA results must be validated by third-party genealogists in every case.</mattext>
                </material>
              </response_label>
            </render_choice>
          </response_lid>
        </presentation>
        <resprocessing>
          <outcomes>
            <decvar maxvalue="100" minvalue="0" varname="SCORE" vartype="Decimal"/>
          </outcomes>
          <respcondition continue="No">
            <conditionvar>
              <varequal respident="response1">19001</varequal>
            </conditionvar>
            <setvar action="Set" varname="SCORE">100</setvar>
          </respcondition>
        </resprocessing>
      </item>
      <item ident="i6433f4235f1743959d5c00c02526f251" title="Question 20">
        <itemmetadata>
          <qtimetadata>
            <qtimetadatafield>
              <fieldlabel>question_type</fieldlabel>
              <fieldentry>multiple_choice_question</fieldentry>
            </qtimetadatafield>
            <qtimetadatafield>
              <fieldlabel>points_possible</fieldlabel>
              <fieldentry>5</fieldentry>
            </qtimetadatafield>
            <qtimetadatafield>
              <fieldlabel>assessment_question_identifierref</fieldlabel>
              <fieldentry>iaea621d3543d0dd31f31bc2150b879a7</fieldentry>
            </qtimetadatafield>
          </qtimetadata>
        </itemmetadata>
        <presentation>
          <material>
            <mattext texttype="text/html">Which of the following best represents a complete resolution of conflicting evidence?</mattext>
          </material>
          <response_lid ident="response1" rcardinality="Single">
            <render_choice>
              <response_label ident="20000">
                <material>
                  <mattext texttype="text/plain">Choosing the source that appears most frequently in online databases.</mattext>
                </material>
              </response_label>
              <response_label ident="20001">
                <material>
                  <mattext texttype="text/plain">Accepting the record that confirms family oral tradition and disregarding the rest.</mattext>
                </material>
              </response_label>
              <response_label ident="20002">
                <material>
                  <mattext texttype="text/plain">Selecting the most recent document under the assumption that it corrects earlier records.</mattext>
                </material>
              </response_label>
              <response_label ident="20003">
                <material>
                  <mattext texttype="text/plain">Analyzing all conflicting sources and justifying the conclusion through reliability, context, and supporting records.</mattext>
                </material>
              </response_label>
            </render_choice>
          </response_lid>
        </presentation>
        <resprocessing>
          <outcomes>
            <decvar maxvalue="100" minvalue="0" varname="SCORE" vartype="Decimal"/>
          </outcomes>
          <respcondition continue="No">
            <conditionvar>
              <varequal respident="response1">20003</varequal>
            </conditionvar>
            <setvar action="Set" varname="SCORE">100</setvar>
          </respcondition>
        </resprocessing>
      </item>
      <item ident="id0a832887bd2d53e1275a3ca9ed7dc8b" title="Question 21">
        <itemmetadata>
          <qtimetadata>
            <qtimetadatafield>
              <fieldlabel>question_type</fieldlabel>
              <fieldentry>multiple_choice_question</fieldentry>
            </qtimetadatafield>
            <qtimetadatafield>
              <fieldlabel>points_possible</fieldlabel>
              <fieldentry>5</fieldentry>
            </qtimetadatafield>
            <qtimetadatafield>
              <fieldlabel>assessment_question_identifierref</fieldlabel>
              <fieldentry>i404dfc7703ffb7d9fdae67e328f960c7</fieldentry>
            </qtimetadatafield>
          </qtimetadata>
        </itemmetadata>
        <presentation>
          <material>
            <mattext texttype="text/html">What is one reason genealogists write research summaries?</mattext>
          </material>
          <response_lid ident="response1" rcardinality="Single">
            <render_choice>
              <response_label ident="21000">
                <material>
                  <mattext texttype="text/plain">To clearly communicate their findings, research steps, and logic behind conclusions for transparency and peer review.</mattext>
                </material>
              </response_label>
              <response_label ident="21001">
                <material>
                  <mattext texttype="text/plain">To create a formal document that showcases their writing style for prospective clients or journal editors.</mattext>
                </material>
              </response_label>
              <response_label ident="21002">
                <material>
                  <mattext texttype="text/plain">To replace traditional family trees with narrative descriptions of family history.</mattext>
                </material>
              </response_label>
              <response_label ident="21003">
                <material>
                  <mattext texttype="text/plain">To offer a personal reflection on the emotional impact of the research findings.</mattext>
                </material>
              </response_label>
            </render_choice>
          </response_lid>
        </presentation>
        <resprocessing>
          <outcomes>
            <decvar maxvalue="100" minvalue="0" varname="SCORE" vartype="Decimal"/>
          </outcomes>
          <respcondition continue="No">
            <conditionvar>
              <varequal respident="response1">21000</varequal>
            </conditionvar>
            <setvar action="Set" varname="SCORE">100</setvar>
          </respcondition>
        </resprocessing>
      </item>
      <item ident="i12dcc5ea7754b282a7b0013a3e04d886" title="Question 22">
        <itemmetadata>
          <qtimetadata>
            <qtimetadatafield>
              <fieldlabel>question_type</fieldlabel>
              <fieldentry>multiple_choice_question</fieldentry>
            </qtimetadatafield>
            <qtimetadatafield>
              <fieldlabel>points_possible</fieldlabel>
              <fieldentry>5</fieldentry>
            </qtimetadatafield>
            <qtimetadatafield>
              <fieldlabel>assessment_question_identifierref</fieldlabel>
              <fieldentry>i827578c803242d94c924d33af50c199b</fieldentry>
            </qtimetadatafield>
          </qtimetadata>
        </itemmetadata>
        <presentation>
          <material>
            <mattext texttype="text/html">What distinguishes original sources from derivative ones?</mattext>
          </material>
          <response_lid ident="response1" rcardinality="Single">
            <render_choice>
              <response_label ident="22000">
                <material>
                  <mattext texttype="text/plain">Original sources are handwritten, while derivative sources are always typewritten.</mattext>
                </material>
              </response_label>
              <response_label ident="22001">
                <material>
                  <mattext texttype="text/plain">Original sources are created at or near the time of an event; derivative sources are summaries or transcriptions of the original.</mattext>
                </material>
              </response_label>
              <response_label ident="22002">
                <material>
                  <mattext texttype="text/plain">Original sources can only be obtained from national archives; derivative sources are online versions.</mattext>
                </material>
              </response_label>
              <response_label ident="22003">
                <material>
                  <mattext texttype="text/plain">Derivative sources are less valid and cannot be used in genealogical proof cases.</mattext>
                </material>
              </response_label>
            </render_choice>
          </response_lid>
        </presentation>
        <resprocessing>
          <outcomes>
            <decvar maxvalue="100" minvalue="0" varname="SCORE" vartype="Decimal"/>
          </outcomes>
          <respcondition continue="No">
            <conditionvar>
              <varequal respident="response1">22001</varequal>
            </conditionvar>
            <setvar action="Set" varname="SCORE">100</setvar>
          </respcondition>
        </resprocessing>
      </item>
      <item ident="i3d53fb4783491b1afe3184061b8c5bf9" title="Question 23">
        <itemmetadata>
          <qtimetadata>
            <qtimetadatafield>
              <fieldlabel>question_type</fieldlabel>
              <fieldentry>multiple_choice_question</fieldentry>
            </qtimetadatafield>
            <qtimetadatafield>
              <fieldlabel>points_possible</fieldlabel>
              <fieldentry>5</fieldentry>
            </qtimetadatafield>
            <qtimetadatafield>
              <fieldlabel>assessment_question_identifierref</fieldlabel>
              <fieldentry>iaf7f5a5135dcf4e36503b41e92df79ac</fieldentry>
            </qtimetadatafield>
          </qtimetadata>
        </itemmetadata>
        <presentation>
          <material>
            <mattext texttype="text/html">When is it appropriate to stop a genealogical search?</mattext>
          </material>
          <response_lid ident="response1" rcardinality="Single">
            <render_choice>
              <response_label ident="23000">
                <material>
                  <mattext texttype="text/plain">As soon as you locate a record that confirms part of your hypothesis without contradiction.</mattext>
                </material>
              </response_label>
              <response_label ident="23001">
                <material>
                  <mattext texttype="text/plain">After two sources agree, even if they are from similar types of documents.</mattext>
                </material>
              </response_label>
              <response_label ident="23002">
                <material>
                  <mattext texttype="text/plain">Once the oral history is confirmed through one historical newspaper article.</mattext>
                </material>
              </response_label>
              <response_label ident="23003">
                <material>
                  <mattext texttype="text/plain">When no new relevant sources are likely to be found and existing evidence is sufficient to reach a sound conclusion.</mattext>
                </material>
              </response_label>
            </render_choice>
          </response_lid>
        </presentation>
        <resprocessing>
          <outcomes>
            <decvar maxvalue="100" minvalue="0" varname="SCORE" vartype="Decimal"/>
          </outcomes>
          <respcondition continue="No">
            <conditionvar>
              <varequal respident="response1">23003</varequal>
            </conditionvar>
            <setvar action="Set" varname="SCORE">100</setvar>
          </respcondition>
        </resprocessing>
      </item>
      <item ident="i5f515cfe5061f94345b415d3d506f070" title="Question 24">
        <itemmetadata>
          <qtimetadata>
            <qtimetadatafield>
              <fieldlabel>question_type</fieldlabel>
              <fieldentry>multiple_choice_question</fieldentry>
            </qtimetadatafield>
            <qtimetadatafield>
              <fieldlabel>points_possible</fieldlabel>
              <fieldentry>5</fieldentry>
            </qtimetadatafield>
            <qtimetadatafield>
              <fieldlabel>assessment_question_identifierref</fieldlabel>
              <fieldentry>ic713e4f961dac3cc82d32733c5b77960</fieldentry>
            </qtimetadatafield>
          </qtimetadata>
        </itemmetadata>
        <presentation>
          <material>
            <mattext texttype="text/html">What is the best way to address a lack of records for a particular ancestor?</mattext>
          </material>
          <response_lid ident="response1" rcardinality="Single">
            <render_choice>
              <response_label ident="24000">
                <material>
                  <mattext texttype="text/plain">Rely exclusively on oral history or DNA evidence, depending on what is most readily available.</mattext>
                </material>
              </response_label>
              <response_label ident="24001">
                <material>
                  <mattext texttype="text/plain">Make a note of the missing ancestor and exclude them from further consideration to maintain accuracy.</mattext>
                </material>
              </response_label>
              <response_label ident="24002">
                <material>
                  <mattext texttype="text/plain">Use contextual, indirect, and negative evidence from related individuals and communities to build a case.</mattext>
                </material>
              </response_label>
              <response_label ident="24003">
                <material>
                  <mattext texttype="text/plain">Search only recent records in the hope that earlier references will eventually appear.</mattext>
                </material>
              </response_label>
            </render_choice>
          </response_lid>
        </presentation>
        <resprocessing>
          <outcomes>
            <decvar maxvalue="100" minvalue="0" varname="SCORE" vartype="Decimal"/>
          </outcomes>
          <respcondition continue="No">
            <conditionvar>
              <varequal respident="response1">24002</varequal>
            </conditionvar>
            <setvar action="Set" varname="SCORE">100</setvar>
          </respcondition>
        </resprocessing>
      </item>
      <item ident="ia35b010126c494522d45ee36c5ad199b" title="Question 25">
        <itemmetadata>
          <qtimetadata>
            <qtimetadatafield>
              <fieldlabel>question_type</fieldlabel>
              <fieldentry>multiple_choice_question</fieldentry>
            </qtimetadatafield>
            <qtimetadatafield>
              <fieldlabel>points_possible</fieldlabel>
              <fieldentry>5</fieldentry>
            </qtimetadatafield>
            <qtimetadatafield>
              <fieldlabel>assessment_question_identifierref</fieldlabel>
              <fieldentry>i72242477701218a5738d21f8f654f69b</fieldentry>
            </qtimetadatafield>
          </qtimetadata>
        </itemmetadata>
        <presentation>
          <material>
            <mattext texttype="text/html">Why is it important to identify the informant in a genealogical record?</mattext>
          </material>
          <response_lid ident="response1" rcardinality="Single">
            <render_choice>
              <response_label ident="25000">
                <material>
                  <mattext texttype="text/plain">To determine whether the informant can be contacted for additional interviews or records.</mattext>
                </material>
              </response_label>
              <response_label ident="25001">
                <material>
                  <mattext texttype="text/plain">To evaluate the informant’s relationship to the subject and assess how much they likely knew.</mattext>
                </material>
              </response_label>
              <response_label ident="25002">
                <material>
                  <mattext texttype="text/plain">To verify whether the informant was literate and therefore more trustworthy.</mattext>
                </material>
              </response_label>
              <response_label ident="25003">
                <material>
                  <mattext texttype="text/plain">To ensure that the same person provided information for every document in a file.</mattext>
                </material>
              </response_label>
            </render_choice>
          </response_lid>
        </presentation>
        <resprocessing>
          <outcomes>
            <decvar maxvalue="100" minvalue="0" varname="SCORE" vartype="Decimal"/>
          </outcomes>
          <respcondition continue="No">
            <conditionvar>
              <varequal respident="response1">25001</varequal>
            </conditionvar>
            <setvar action="Set" varname="SCORE">100</setvar>
          </respcondition>
        </resprocessing>
      </item>
      <item ident="ia95f177772959f8f34b7972a92261d94" title="Question 26">
        <itemmetadata>
          <qtimetadata>
            <qtimetadatafield>
              <fieldlabel>question_type</fieldlabel>
              <fieldentry>multiple_choice_question</fieldentry>
            </qtimetadatafield>
            <qtimetadatafield>
              <fieldlabel>points_possible</fieldlabel>
              <fieldentry>5</fieldentry>
            </qtimetadatafield>
            <qtimetadatafield>
              <fieldlabel>assessment_question_identifierref</fieldlabel>
              <fieldentry>i2098c6b90b67a75f8e7d5242e60e3ef4</fieldentry>
            </qtimetadatafield>
          </qtimetadata>
        </itemmetadata>
        <presentation>
          <material>
            <mattext texttype="text/html">Which of the following demonstrates indirect evidence?</mattext>
          </material>
          <response_lid ident="response1" rcardinality="Single">
            <render_choice>
              <response_label ident="26000">
                <material>
                  <mattext texttype="text/plain">A death certificate that clearly names both parents and place of birth.</mattext>
                </material>
              </response_label>
              <response_label ident="26001">
                <material>
                  <mattext texttype="text/plain">A census record that confirms an individual's age, birthplace, and occupation.</mattext>
                </material>
              </response_label>
              <response_label ident="26002">
                <material>
                  <mattext texttype="text/plain">A military record listing next-of-kin and enlistment date for a specific individual.</mattext>
                </material>
              </response_label>
              <response_label ident="26003">
                <material>
                  <mattext texttype="text/plain">A collection of records that together imply a conclusion not stated outright in any single source.</mattext>
                </material>
              </response_label>
            </render_choice>
          </response_lid>
        </presentation>
        <resprocessing>
          <outcomes>
            <decvar maxvalue="100" minvalue="0" varname="SCORE" vartype="Decimal"/>
          </outcomes>
          <respcondition continue="No">
            <conditionvar>
              <varequal respident="response1">26003</varequal>
            </conditionvar>
            <setvar action="Set" varname="SCORE">100</setvar>
          </respcondition>
        </resprocessing>
      </item>
      <item ident="i2691aecd5d9596942ab50ee8e3bd0175" title="Question 27">
        <itemmetadata>
          <qtimetadata>
            <qtimetadatafield>
              <fieldlabel>question_type</fieldlabel>
              <fieldentry>multiple_choice_question</fieldentry>
            </qtimetadatafield>
            <qtimetadatafield>
              <fieldlabel>points_possible</fieldlabel>
              <fieldentry>5</fieldentry>
            </qtimetadatafield>
            <qtimetadatafield>
              <fieldlabel>assessment_question_identifierref</fieldlabel>
              <fieldentry>i9986deb2c8b33097bc4616129f0003e7</fieldentry>
            </qtimetadatafield>
          </qtimetadata>
        </itemmetadata>
        <presentation>
          <material>
            <mattext texttype="text/html">Which of the following statements best supports a soundly reasoned conclusion?</mattext>
          </material>
          <response_lid ident="response1" rcardinality="Single">
            <render_choice>
              <response_label ident="27000">
                <material>
                  <mattext texttype="text/plain">The findings match a story passed down through three generations of family members.</mattext>
                </material>
              </response_label>
              <response_label ident="27001">
                <material>
                  <mattext texttype="text/plain">Another genealogist published the same conclusion, so the information is probably accurate.</mattext>
                </material>
              </response_label>
              <response_label ident="27002">
                <material>
                  <mattext texttype="text/plain">Multiple sources were examined, conflicts were addressed, and a logical argument was constructed based on evidence.</mattext>
                </material>
              </response_label>
              <response_label ident="27003">
                <material>
                  <mattext texttype="text/plain">The conclusion was based on official government records exclusively, making it inherently accurate.</mattext>
                </material>
              </response_label>
            </render_choice>
          </response_lid>
        </presentation>
        <resprocessing>
          <outcomes>
            <decvar maxvalue="100" minvalue="0" varname="SCORE" vartype="Decimal"/>
          </outcomes>
          <respcondition continue="No">
            <conditionvar>
              <varequal respident="response1">27002</varequal>
            </conditionvar>
            <setvar action="Set" varname="SCORE">100</setvar>
          </respcondition>
        </resprocessing>
      </item>
      <item ident="i8a3f98780bce8cf07adf69e275a9cbc1" title="Question 28">
        <itemmetadata>
          <qtimetadata>
            <qtimetadatafield>
              <fieldlabel>question_type</fieldlabel>
              <fieldentry>multiple_choice_question</fieldentry>
            </qtimetadatafield>
            <qtimetadatafield>
              <fieldlabel>points_possible</fieldlabel>
              <fieldentry>5</fieldentry>
            </qtimetadatafield>
            <qtimetadatafield>
              <fieldlabel>assessment_question_identifierref</fieldlabel>
              <fieldentry>i4e1cb538f1bce0973076ce6f7ea65b5d</fieldentry>
            </qtimetadatafield>
          </qtimetadata>
        </itemmetadata>
        <presentation>
          <material>
            <mattext texttype="text/html">What is one benefit of resolving contradictory evidence?</mattext>
          </material>
          <response_lid ident="response1" rcardinality="Single">
            <render_choice>
              <response_label ident="28000">
                <material>
                  <mattext texttype="text/plain">It strengthens the reliability of the conclusion by demonstrating thoughtful analysis and source comparison.</mattext>
                </material>
              </response_label>
              <response_label ident="28001">
                <material>
                  <mattext texttype="text/plain">It allows researchers to avoid presenting uncomfortable or ambiguous evidence.</mattext>
                </material>
              </response_label>
              <response_label ident="28002">
                <material>
                  <mattext texttype="text/plain">It justifies limiting the citation list to only the sources that support the preferred narrative.</mattext>
                </material>
              </response_label>
              <response_label ident="28003">
                <material>
                  <mattext texttype="text/plain">It guarantees that future researchers will reach the same conclusion without further investigation.</mattext>
                </material>
              </response_label>
            </render_choice>
          </response_lid>
        </presentation>
        <resprocessing>
          <outcomes>
            <decvar maxvalue="100" minvalue="0" varname="SCORE" vartype="Decimal"/>
          </outcomes>
          <respcondition continue="No">
            <conditionvar>
              <varequal respident="response1">28000</varequal>
            </conditionvar>
            <setvar action="Set" varname="SCORE">100</setvar>
          </respcondition>
        </resprocessing>
      </item>
      <item ident="i00cea1784301ddf24bcbdcf0a7fb7972" title="Question 29">
        <itemmetadata>
          <qtimetadata>
            <qtimetadatafield>
              <fieldlabel>question_type</fieldlabel>
              <fieldentry>multiple_choice_question</fieldentry>
            </qtimetadatafield>
            <qtimetadatafield>
              <fieldlabel>points_possible</fieldlabel>
              <fieldentry>5</fieldentry>
            </qtimetadatafield>
            <qtimetadatafield>
              <fieldlabel>assessment_question_identifierref</fieldlabel>
              <fieldentry>i6add03bc9c73c1dc05eae1cc0db3e706</fieldentry>
            </qtimetadatafield>
          </qtimetadata>
        </itemmetadata>
        <presentation>
          <material>
            <mattext texttype="text/html">How does the GPS encourage transparency in genealogy?</mattext>
          </material>
          <response_lid ident="response1" rcardinality="Single">
            <render_choice>
              <response_label ident="29000">
                <material>
                  <mattext texttype="text/plain">By recommending that conclusions be shared only in academic settings to avoid misinterpretation.</mattext>
                </material>
              </response_label>
              <response_label ident="29001">
                <material>
                  <mattext texttype="text/plain">By requiring clear citations, logical explanations, and documentation of the research process.</mattext>
                </material>
              </response_label>
              <response_label ident="29002">
                <material>
                  <mattext texttype="text/plain">By encouraging researchers to rely on verified databases without sharing their raw notes.</mattext>
                </material>
              </response_label>
              <response_label ident="29003">
                <material>
                  <mattext texttype="text/plain">By setting strict limits on the number of sources cited in a published genealogy.</mattext>
                </material>
              </response_label>
            </render_choice>
          </response_lid>
        </presentation>
        <resprocessing>
          <outcomes>
            <decvar maxvalue="100" minvalue="0" varname="SCORE" vartype="Decimal"/>
          </outcomes>
          <respcondition continue="No">
            <conditionvar>
              <varequal respident="response1">29001</varequal>
            </conditionvar>
            <setvar action="Set" varname="SCORE">100</setvar>
          </respcondition>
        </resprocessing>
      </item>
      <item ident="if0d7fecd8d17549127e7d5d16793bb54" title="Question 30">
        <itemmetadata>
          <qtimetadata>
            <qtimetadatafield>
              <fieldlabel>question_type</fieldlabel>
              <fieldentry>multiple_choice_question</fieldentry>
            </qtimetadatafield>
            <qtimetadatafield>
              <fieldlabel>points_possible</fieldlabel>
              <fieldentry>5</fieldentry>
            </qtimetadatafield>
            <qtimetadatafield>
              <fieldlabel>assessment_question_identifierref</fieldlabel>
              <fieldentry>i170200fc2abc92ceb09cb3ab52ebbc0a</fieldentry>
            </qtimetadatafield>
          </qtimetadata>
        </itemmetadata>
        <presentation>
          <material>
            <mattext texttype="text/html">Why is the GPS relevant to both professional and non-professional genealogists?</mattext>
          </material>
          <response_lid ident="response1" rcardinality="Single">
            <render_choice>
              <response_label ident="30000">
                <material>
                  <mattext texttype="text/plain">It provides a legal standard used in inheritance and immigration cases worldwide.</mattext>
                </material>
              </response_label>
              <response_label ident="30001">
                <material>
                  <mattext texttype="text/plain">It replaces the need for genealogists to reference external methodologies or standards.</mattext>
                </material>
              </response_label>
              <response_label ident="30002">
                <material>
                  <mattext texttype="text/plain">It ensures that only credentialed professionals can publish genealogical information online.</mattext>
                </material>
              </response_label>
              <response_label ident="30003">
                <material>
                  <mattext texttype="text/plain">It offers a universally applicable framework for conducting, presenting, and evaluating high-quality genealogy.</mattext>
                </material>
              </response_label>
            </render_choice>
          </response_lid>
        </presentation>
        <resprocessing>
          <outcomes>
            <decvar maxvalue="100" minvalue="0" varname="SCORE" vartype="Decimal"/>
          </outcomes>
          <respcondition continue="No">
            <conditionvar>
              <varequal respident="response1">30003</varequal>
            </conditionvar>
            <setvar action="Set" varname="SCORE">100</setvar>
          </respcondition>
        </resprocessing>
      </item>
    </section>
  </assessment>
</questestinterop>
